Fecha;Lugar_Extraccion;Departamento;Tipo_Muestra;Tipo_Analisis;Operador_Solicitante;Observaciones
02/01/2017;Corralcoop, Pozo Nuevo, Arenas Country;Gllen;Agua;Bacteriológico, Completo;O.G.C.;
09/01/2017;Union Vecinal El Pastal;Las Heras;Agua;Bacteriológico, Completo;O.G.C.;
09/01/2017;Pozo Goyochea y San Esteban El Pastal;Las Heras;Agua;Completo;O.G.C.;Factibilidad
11/01/2017;Coop. Cptan. Montoya Pozo Nuevo;San Rafael;Agua;Bacteriológico, Completo;O.G.C.;Factibilidad
11/01/2017;Red C. Montoya H Irigoyen 4071, mezcla;San Rafael;Agua;Bacteriológico, Básico;O.G.C.;
11/01/2017;Coop. Leuta salida Planta;San Rafael;Agua;In Situ;O.G.C.;
11/01/2017;Coop. leuta Entrada Planta;San Rafael;Agua;In Situ;O.G.C.;
11/01/2017;Coop. Leuta, calle Ferrer, Cnia López;San Rafael;Agua;Bacteriológico, In Situ;O.G.C.;
11/01/2017;Red. Coop. Leuta, calle Los Arribas, Cnia López;San Rafael;Agua;Bacteriológico, In Situ;O.G.C.;
17/01/2017;Coop Bayo Ltda. Pozo Nuevo;San Martin;Agua;Bacteriológico, Completo;O.G.C.;Factibilidad
17/01/2017;Union Vec El Ñango reclamo;San Martin;Agua;Bacteriológico, In Situ;O.G.C.;
19/01/2017;Coop Monte Comán Pozo 1, seriado;San Rafael;Agua;Básico;O.G.C.;Seriado por fuera de normas
19/01/2017;Coop Real del Padre , seriado;San Rafael;Agua;Básico;O.G.C.;Seriado por fuera de normas
19/01/2017;U. Vec. Atuel Norte, seriado;San Rafael;Agua;Básico;O.G.C.;Seriado por fuera de normas
19/01/2017;U. Vecinal Las Malvinas;San Rafael;Agua;In Situ;O.G.C.;Seriado por fuera de normas
30/01/2017;U. Vecinal Poste de Hierro Pozo Nuevo;Gral Alvear;Agua;Bacteriológico, Completo;O.G.C.;Factibilidad
30/01/2017;U. Vecinal El Ceibo;Gral Alvear;Agua;Bacteriológico, In Situ;O.G.C.;
30/01/2017;Coop. Leuta  salida Planta;San Rafael;Agua;Bacteriológico, Básico;O.G.C.;
30/01/2017;Red Coop. Leuta;San Rafael;Agua;Bacteriológico, Básico;O.G.C.;
30/01/2017;U. Vec. L. Tirasso, Pozo Nuevo;San Rafael;Agua;Bacteriológico, Completo;O.G.C.;Factibilidad
30/01/2017;Coop. Capitan Montoya, Pozo nuevo;San Rafael;Agua;Bacteriológico, Básico;O.G.C.;
03/02/2017;AySAM La Paz Pozo 6;La Paz;Agua;Bacteriológico, Básico;AySAM;
03/02/2017;Aysam LA Paz, Bº Corocorteña Mna 1 casa 6;La Paz;Agua;Bacteriológico, Básico;AySAM;
03/02/2017;AySAM Desaguadero , Cisterna;La Paz;Agua;Bacteriológico, Básico;AySAM;
07/02/2017;U.V. Bº Jardìn El Saue;Gllen;Agua;Bacteriológico, Básico;O.G.C.;
07/02/2017;Reclamo Sr Torrasca, Corralcoop;Gllen;Agua;Bacteriológico, Básico;O.G.C., Reclamo;
21/02/2017;U.V. Los Sauces, Oficio 638/17, Tanque;Tunuyan;Agua;Bacteriológico, Básico;O.G.C.;Oficio Judicial
21/02/2017;U.V. Los Sauces, Oficio 638/17, Pileta;Tunuyan;Agua;Bacteriológico, Básico;O.G.C.;Oficio Judicial
21/02/2017;U.V. Los Sauces, Oficio 638/17, manguera;Tunuyan;Agua;Bacteriológico, Básico;O.G.C.;Oficio Judicial
15/03/2017;Red AySAM Esc Montesori;Gllen;Agua;Bacteriológico, Básico;AySAM;
16/03/2017;Corralcoop Cnia Segovia Pozo 1;Gllen;Agua;Bacteriológico, Completo;O.G.C.;
16/03/2017;Corralcoop Cnia Segovia Pozo 2;Gllen;Agua;Bacteriológico, Completo;O.G.C.;
16/03/2017;Corralcoop Cnia Segovia Red;Gllen;Agua;Bacteriológico, Básico;O.G.C.;
16/03/2017;Red AySAM 20Junio 3831;Gllen;Agua;Básico;AySAM;Control de Nitratos en red
16/03/2017;Red AySAM. M Hoyos 3257;Gllen;Agua;Básico;AySAM;Control de Nitratos en red
16/03/2017;Red AySAM M Hoyos 2643 Soderìa;Gllen;Agua;Básico;AySAM;Control de Nitratos en red
16/03/2017;Red AySAM Allayme 2431, corralón;Gllen;Agua;Básico;AySAM;Control de Nitratos en red
16/03/2017;Red AySAM Moreno 3297 frente esc Bolivia;Gllen;Agua;Básico;AySAM;Control de Nitratos en red
16/03/2017;Red AySAM Sarmiento 2185, despensa;Gllen;Agua;Básico;AySAM;Control de Nitratos en red
20/03/2017;Corralcoop Colonia Molina;Gllen;Agua;Bacteriológico, Completo;O.G.C.;Factibilidad
21/03/2017;Oficio Fca Rosa Sanchez;Rivadavia;Agua;Bacteriológico, Básico;O.G.C.;Oficio Judicial
11/04/2017;Fca. Manuelli - grifo entrada -Medrano;Rivadavia;Agua;Bacteriológico, Básico;O.G.C.;Oficio Judicial
11/04/2017;Fca. Manuelli - baño BT -Medrano;Rivadavia;Agua;Bacteriológico, Básico;O.G.C.;Oficio Judicial
17/04/2017;Red A.I y P Bº Urquiza, Reclamo 792/17;Tunuyan;Agua;Bacteriológico, In Situ;O.G.C., Reclamo;
17/04/2017;Coop. Rodriguez Peña;Junin;Agua;Bacteriológico, Completo;O.G.C.;
25/04/2017;Reclamo Bº Paraguay D 5;Gllen;Agua;Bacteriológico, In Situ;AySAM, Reclamo;
25/04/2017;Reclamo Bº Paraguay D 7;Gllen;Agua;In Situ;AySAM, Reclamo;
25/04/2017;Reclamo Bº Paraguay D 15;Gllen;Agua;In Situ;AySAM, Reclamo;
26/04/2017;Recl. 1269/17-Aysam C. de Araujo;Lavalle;Agua;Bacteriológico, Básico;AySAM, Reclamo;
26/04/2017;Rec 1269/17-Aysam C. de Araujo.Urquiza a pte;Lavalle;Agua;In Situ;AySAM, Reclamo;
26/04/2017;Rec 1269/17-Aysam C. de Araujo.Urquiza 800;Lavalle;Agua;In Situ;AySAM, Reclamo;
26/04/2017;Rec1269/17-Aysam C. de Araujo.Pozo 5;Lavalle;Agua;Bacteriológico, Básico;AySAM, Reclamo;
17/05/2017;Red A.I y P Bº Urquiza, Mno Hist 11;Tunuyan;Agua;Bacteriológico, Básico;O.G.C., Reclamo;
17/05/2017;Red A.I y P Bº Urquiza, Mno Hist 85;Tunuyan;Agua;Bacteriológico, Básico;O.G.C., Reclamo;
17/05/2017;Red A.I y P Bº Urquiza, Mno Hist 98;Tunuyan;Agua;Bacteriológico, Básico;O.G.C., Reclamo;
17/05/2017;Red A.I y P Bº Urquiza, Olazabal 88;Tunuyan;Agua;Bacteriológico, Básico;O.G.C., Reclamo;
17/05/2017;Red A.I y P Bº Urquiza, Derqui 356;Tunuyan;Agua;Bacteriológico, Básico;O.G.C., Reclamo;
17/05/2017;Red A.I y P Bº Urquiza, Esc. Zara Guiard Btq;Tunuyan;Agua;Bacteriológico, Básico;O.G.C., Reclamo;
17/05/2017;Red A.I y P Bº Urquiza, Esc. Zara Guiard Ent.;Tunuyan;Agua;Bacteriológico, Básico;O.G.C., Reclamo;
18/05/2017;Reclamo AySAM Costa de Araujo;Lavalle;Agua;Bacteriológico, Básico;AySAM, Reclamo;
24/05/2017;U.V. Zona Oeste G. Andre-La Floresta;Lavalle;Agua;Bacteriológico, Básico;O.G.C.;
29/05/2017;Rio Atuel Pto1: la Boxeadora;San Rafael;Agua;Bacteriológico, Básico;O.G.C., D.G.I.;
29/05/2017;Rio Atuel Pto2: Antes de las aguaditas;San Rafael;Agua;Bacteriológico, Básico;O.G.C., D.G.I.;
29/05/2017;Rio Atuel Pto3: Toma Canal Marginal;San Rafael;Agua;Bacteriológico, Básico;O.G.C., D.G.I.;
29/05/2017;Rio Atuel Pto 4: Puente antes de la Guevarina.;San Rafael;Agua;Bacteriológico, Básico;O.G.C., D.G.I.;
05/06/2017;Corralcoop Pozo Godoy -Factibilidad;Gllen;Agua;Bacteriológico, Básico;O.G.C.;
05/06/2017;Esc. Miguel Ramponi bebedero;Gllen;Agua;Bacteriológico, Básico;AySAM;
05/06/2017;Esc. Miguel Ramponi Cocina Agua Fria;Gllen;Agua;Bacteriológico, Básico;AySAM;
05/06/2017;Esc. Miguel Ramponi Cocina Agua Caliente;Gllen;Agua;Bacteriológico, Básico;AySAM;
12/06/2017;AySAM Bº Paraguay E-12;Gllen;Agua;Bacteriológico, In Situ;AySAM;
12/06/2017;AySAM Bº Paraguay C-5;Gllen;Agua;Bacteriológico, In Situ;AySAM;
12/06/2017;AySAM Bº Paraguay Jardin d Infantes;Gllen;Agua;Bacteriológico, In Situ;AySAM;
26/06/2017;Loteo Inti, U.V. 19 Noviembre, Algarrobal;No Especificado;Agua;Bacteriológico, Básico;O.G.C.;Factibilidad para U.V. 19 Nov
28/06/2017;Serv. Munic. Cordón del Plata 2;Tupungato;Agua;Bacteriológico, Completo;O.G.C.;
28/06/2017;Serv. Munic. Campo Vidal;Tupungato;Agua;Bacteriológico, Completo;O.G.C.;
28/06/2017;Serv. Munic.Pozo Tiza;Tupungato;Agua;Bacteriológico, Completo;O.G.C.;
28/06/2017;Serv. Munic. Gualtayari;Tupungato;Agua;Bacteriológico, Completo;O.G.C.;
28/06/2017;Serv. Munic. San José;Tupungato;Agua;Bacteriológico, Completo;O.G.C.;
04/07/2017;Serv. Munic. Paso de las Carretas;San Carlos;Agua;Bacteriológico, Completo;O.G.C.;
04/07/2017;Serv. Munic. Piedras Blancas;San Carlos;Agua;Bacteriológico, Completo;O.G.C.;
04/07/2017;U. Vec. Tres Esquinas;San Carlos;Agua;Bacteriológico, Completo;O.G.C.;
04/07/2017;Coop. Acción El Cepillo;San Carlos;Agua;Bacteriológico, Completo;O.G.C.;
04/07/2017;Serv. Munic Los Indios;San Carlos;Agua;Bacteriológico, Completo;O.G.C.;
04/07/2017;Serv. Capiz Esc. D Vega;San Carlos;Agua;Bacteriológico, Completo;O.G.C.;
10/07/2017;U. Vec. Villa Seca;Tunuyan;Agua;Bacteriológico, Completo;O.G.C.;
10/07/2017;U. Vec. Los Sauces;Tunuyan;Agua;Bacteriológico, Completo;O.G.C.;
11/07/2017;Serv. Munic Los Arboles;Tunuyan;Agua;Bacteriológico, Completo;O.G.C.;
11/07/2017;U. Vec. Barrio Sol y Nieve;Tunuyan;Agua;Bacteriológico, Completo;O.G.C.;
11/07/2017;Union Vecinal Aº Grande Planta;Tunuyan;Agua;Bacteriológico, Completo;O.G.C.;
11/07/2017;Union Vecinal Aº Grande Red;Tunuyan;Agua;Bacteriológico, Completo;O.G.C.;
11/07/2017;Serv. Munic, Manzano Historico;Tunuyan;Agua;Bacteriológico, Completo;O.G.C.;
11/07/2017;Coop. Vista Flores 1;Tunuyan;Agua;Bacteriológico, Completo;O.G.C.;
11/07/2017;Coop. Vista Flores 2;Tunuyan;Agua;Bacteriológico, Completo;O.G.C.;
;U.Vec. Montecaseros;San Martin;Agua;Básico;No Especificado;
13/07/2017;Alto Tirasso;Gllen;Agua;Básico;No Especificado;
01/08/2017;U. Vec. La Libertad;Tunuyan;Agua;Bacteriológico, Completo;O.G.C.;
01/08/2017;Serv Puente Blanco;Tunuyan;Agua;Bacteriológico, Completo;O.G.C.;
01/08/2017;U.Vec. La Primavera;Tunuyan;Agua;Bacteriológico, Completo;O.G.C.;
01/08/2017;Coop. La Union 1;Tunuyan;Agua;Bacteriológico, Completo;O.G.C.;
01/08/2017;Coop. La Union 2;Tunuyan;Agua;Bacteriológico, Completo;O.G.C.;
02/08/2017;U. Vec. Barrio Noroeste 2;Tunuyan;Agua;Bacteriológico, Completo;O.G.C.;
02/08/2017;U. Vec. Barrio Noroeste 1;Tunuyan;Agua;Bacteriológico, Completo;O.G.C.;
02/08/2017;U.Vec. Dalmau;Tunuyan;Agua;Bacteriológico, Completo;O.G.C.;
02/08/2017;Pozo Ejercito San Rafael;San Rafael;Agua;Completo;No Especificado;
14/08/2017;Union Vecinal Belgrano;Tunuyan;Agua;Bacteriológico, Completo;No Especificado;
15/08/2017;Consorsio el Peral;Tunuyan;Agua;Bacteriológico, Completo;No Especificado;
15/08/2017;Serv. Municipal Los Arboles.;Tunuyan;Agua;Básico;O.G.C.;
15/08/2017;Union Vecinal Las Carreras;Tupungato;Agua;Bacteriológico, Completo;O.G.C.;
23/08/2017;Reclamo AySAM C. Araujo, Sgrignieri;Lavalle;Agua;Bacteriológico, Básico;Reclamo;
23/08/2017;U. V. Ntra. Sra. del Carmen- Esc. Moretti;Lavalle;Agua;Bacteriológico, Completo;O.G.C.;
23/08/2017;U.V. Ntra. Sra. Del Carmen, Esc. Venezuela;Lavalle;Agua;Bacteriológico, Completo;O.G.C.;
23/08/2017;Union Vecinal Villa Cavero;Lavalle;Agua;Bacteriológico, Completo;O.G.C.;
29/08/2017;Union Vecinal SAN JOSE Acueducto;Lavalle;Agua;Bacteriológico, Básico;O.G.C.;
29/08/2017;Pozo U.V. San Jose;Lavalle;Agua;Bacteriológico, Básico;O.G.C.;
29/08/2017;Asuncion Acueducto;Lavalle;Agua;Bacteriológico, Básico;O.G.C.;
29/08/2017;Pozo U. V. Asuncion;Lavalle;Agua;Bacteriológico, Básico;O.G.C.;
29/08/2017;Asoc. Oeste G. André;Lavalle;Agua;Bacteriológico, Completo;O.G.C.;
29/08/2017;Serv. Munic, San Pedro, Shameauta;Lavalle;Agua;Bacteriológico, Completo;O.G.C.;
05/09/2017;Finca Brondstein. Municipalidad Lavalle;Lavalle;Agua;Bacteriológico, Completo;O.G.C.;
05/09/2017;Finca Cherry. Municipalidad Lavalle;Lavalle;Agua;Bacteriológico, Completo;O.G.C.;
12/09/2017;Esc. Fray Cayetano Rodriguez- Cocina;Lujan;Agua;Básico;D.G.E.;
12/09/2017;Esc. Fray Cayetano Rodriguez- Pozo;Lujan;Agua;Básico;D.G.E.;
14/09/2017;AySAM PTLC San Carlos Entrada;San Carlos;Efluente;Completo;AySAM, P.T.L.C.;
14/09/2017;AySAM PTLC San Carlos Salida;San Carlos;Efluente;Completo;AySAM, P.T.L.C.;
14/09/2017;AySAM PTLC Tunuyan Entrada;Tunuyan;Efluente;Completo;AySAM, P.T.L.C.;
14/09/2017;AySAM PTLC Tunuyan Salida;Tunuyan;Efluente;Completo;AySAM, P.T.L.C.;
21/09/2017;Cooperativa Bayo Pozo Nuevo;San Martin;Agua;Bacteriológico, Completo;O.G.C.;
21/09/2017;Reclamo AySAM , Familia Necochea;San Martin;Agua;Bacteriológico, Básico;AySAM, Reclamo;
26/09/2017;CORRALCOOP Pozo Arena;Gllen;Agua;Bacteriológico, Básico;O.G.C.;
26/09/2017;CORRALCOOP Pozo Sanchez;Gllen;Agua;Bacteriológico, Completo;O.G.C.;
26/09/2017;CORRALCOOP Pozo 1 Colonia Segovia;Gllen;Agua;Bacteriológico, Básico;O.G.C.;
26/09/2017;CORRALCOOP Pozo 2 Colonia Segovia;Gllen;Agua;Bacteriológico, Básico;O.G.C.;
26/09/2017;CORRALCOOP Pozo Pelayes;Gllen;Agua;Bacteriológico, Completo;O.G.C.;
27/09/2017;Asoc. El Borbollón - Las Colectivas;Las Heras;Agua;Bacteriológico, Completo;O.G.C.;
27/09/2017;Esc. Martinez de Rosas- El Pastal;Las Heras;Agua;Bacteriológico, Básico;O.G.C.;
27/09/2017;Asoc. A P El Borbollón - Santo Tomas de Aquino;Las Heras;Agua;Bacteriológico, Completo;O.G.C.;
27/09/2017;Escuela Calendaria - La Polvosa;Las Heras;Agua;Bacteriológico, Básico;O.G.C.;
02/10/2017;Uion Vecinal Villa Adela;San Martin;Agua;Bacteriológico, Básico;O.G.C.;
02/10/2017;AySAM PTLC San Martin Entrada;San Martin;Efluente;Bacteriológico, Básico;AySAM, P.T.L.C.;
02/10/2017;AySAM PTLC San Martin Salida;San Martin;Efluente;Bacteriológico, Básico;AySAM, P.T.L.C.;
02/10/2017;AySAM PTLC Palmira Entrada;San Martin;Efluente;Bacteriológico, Básico;AySAM, P.T.L.C.;
02/10/2017;AySAM PTLC Palmira Salida;San Martin;Efluente;Bacteriológico, Básico;AySAM, P.T.L.C.;
03/10/2017;Pozo Granja Penal-Ruta 142;Lavalle;Agua;Bacteriológico, Completo;O.G.C.;
03/10/2017;U.V. Asoc. V. Oeste G André, La Floresta;Lavalle;Agua;Bacteriológico, Básico;O.G.C.;
03/10/2017;Serv. Munic, San Pedro, Shameauta;Lavalle;Agua;Bacteriológico, Básico;O.G.C.;
09/10/2017;U. Vec. Km 8, ISCAMEN;Gllen;Agua;Bacteriológico, Completo;O.G.C.;
09/10/2017;U. Vec. Km 8 Pozo 2 Arena;Gllen;Agua;Bacteriológico, Completo;O.G.C.;
09/10/2017;U. Vec. Km 8, Pozo 1, B de los Andes;Gllen;Agua;Bacteriológico, Completo;O.G.C.;
09/10/2017;Coop. R.de la Cruz, Pozo 3, S. Bolivar;Gllen;Agua;Bacteriológico, Completo;O.G.C.;
10/10/2017;Union Vecinal El Ñango;San Martin;Agua;Bacteriológico, Básico;O.G.C.;
10/10/2017;"Fca Guerrero ""El Ñango""";San Martin;Agua;Bacteriológico, Básico;O.G.C.;Factibilidad para U.V. El Ñango
10/10/2017;"Fca Sotano ""El Ñango""";San Martin;Agua;Bacteriológico, Básico;O.G.C.;Factibilidad para U.V. El Ñango
10/10/2017;"Esc. Hudson ""El Ñango""";San Martin;Agua;Bacteriológico, Básico;O.G.C., D.G.E.;
24/10/2017;AySAM PTLC La Paz Salida;La Paz;Efluente;Bacteriológico, Básico;AySAM, P.T.L.C.;
24/10/2017;AySAM PTLC La Paz Entrada;La Paz;Efluente;Bacteriológico, Básico;AySAM, P.T.L.C.;
24/10/2017;AySAM La Paz, Barrio Reactivacion M15 C2;La Paz;Agua;Bacteriológico, Básico;AySAM;
24/10/2017;AySAM La Paz, Crucero Gral Belgrano;La Paz;Agua;Bacteriológico, Básico;AySAM;
24/10/2017;Serv. Munic. Barrio La Menta;La Paz;Agua;Bacteriológico, Básico;O.G.C.;
24/10/2017;Esc. Martin Gil 4237 Santa Rosa;Snta Rosa;Agua;Completo;D.G.E.;
