FECHA ;LUGAR DE EXTRACCION;; MUESTRA;; ANALISIS;;;;OPERADOR;;;;;;;OBSERVACIONES
;;DEPTO;AGUA;EFLUENTE;BACTER.;IN SITU;BASICO;COMPLETO;AySAM;O.G.C.;D.G.E.;D.G.I.;OTROS;P.T.L.C.;RECLAMO;
02/01/2017;Corralcoop, Pozo Nuevo, Arenas Country;Gllen;1;;1;;;1;;1;;;;;;
09/01/2017;Union Vecinal El Pastal;Las Heras;1;;1;;;1;;1;;;;;;
09/01/2017;Pozo Goyochea y San Esteban El Pastal;Las Heras;1;;;;;1;;1;;;;;;Factibilidad
11/01/2017;Coop. Cptan. Montoya Pozo Nuevo;San Rafael;1;;1;;;1;;1;;;;;;Factibilidad
11/01/2017;Red C. Montoya H Irigoyen 4071, mezcla;San Rafael;1;;1;;1;;;1;;;;;;
11/01/2017;Coop. Leuta  salida Planta;San Rafael;1;;;1;;;;1;;;;;;
11/01/2017;Coop. leuta Entrada Planta;San Rafael;1;;;1;;;;1;;;;;;
11/01/2017;Coop. Leuta, calle Ferrer, Cnia López;San Rafael;1;;1;1;;;;1;;;;;;
11/01/2017;Red. Coop. Leuta, calle Los Arribas, Cnia López;San Rafael;1;;1;1;;;;1;;;;;;
17/01/2017;Coop Bayo Ltda. Pozo Nuevo;San Martin;1;;1;;;1;;1;;;;;;Factibilidad
17/01/2017;Union Vec El Ñango reclamo ;San Martin;1;;1;1;;;;1;;;;;;
19/01/2017;Coop Monte Comán Pozo 1, seriado;San Rafael;1;;;;1;;;1;;;;;;Seriado por fuera de normas
19/01/2017;Coop Real del Padre , seriado;San Rafael;1;;;;1;;;1;;;;;;Seriado por fuera de normas
19/01/2017;U. Vec. Atuel Norte, seriado;San Rafael;1;;;;1;;;1;;;;;;Seriado por fuera de normas
19/01/2017;U. Vecinal Las Malvinas;San Rafael;1;;;1;;;;1;;;;;;Seriado por fuera de normas
30/01/2017;U. Vecinal Poste de Hierro Pozo Nuevo;Gral Alvear;1;;1;;;1;;1;;;;;;factibilidad
30/01/2017;U. Vecinal El Ceibo;Gral Alvear;1;;1;1;;;;1;;;;;;
30/01/2017;Coop. Leuta, salida Planta;San Rafael;1;;1;;1;;;1;;;;;;
30/01/2017;Red Coop. Leuta;San Rafael;1;;1;;1;;;1;;;;;;
30/01/2017;U. Vec. L. Tirasso, Pozo Nuevo;San Rafael;1;;1;;;1;;1;;;;;;Factibilidad
30/01/2017;Coop. Capitan Montoya, Pozo nuevo;San Rafael;1;;1;;1;;;1;;;;;;
03/02/2017;Aysam La Paz Pozo 6;La Paz;1;;1;;1;;1;;;;;;;
03/02/2017;Aysam LA Paz, Bº Corocorteña Mna 1 casa 6;La Paz;1;;1;;1;;1;;;;;;;
03/02/2017;AySAM Desaguadero , Cisterna;La Paz;1;;1;;1;;1;;;;;;;
07/02/2017;U.V. Bº Jardìn El Saue;Gllen;1;;1;;1;;;1;;;;;;
07/02/2017;Reclamo Sr Torrasca, Corralcoop;Gllen;1;;1;;1;;;1;;;;;1;
21/02/2017;U.V. Los Sauces, Oficio 638/17, Tanque;Tunuyan;1;;1;;1;;;1;;;;;;oficio Judicial
21/02/2017;U.V. Los Sauces, Oficio 638/17, Pileta;Tunuyan;1;;1;;1;;;1;;;;;;oficio Judicial
21/02/2017;U.V. Los Sauces, Oficio 638/17, manguera;Tunuyan;1;;1;;1;;;1;;;;;;oficio Judicial
15/03/2017;Red AySAM Esc Montesori;Gllen;1;;1;;1;;1;;;;;;;
16/03/2017;Corralcoop Cnia Segovia Pozo 1;Gllen;1;;1;;;1;;1;;;;;;
16/03/2017;Corralcoop Cnia Segovia Pozo 2;Gllen;1;;1;;;1;;1;;;;;;
16/03/2017;Corralcoop Cnia Segovia Red;Gllen;1;;1;;1;;;1;;;;;;
16/03/2017;Red AySAM  20Junio 3831;Gllen;1;;;;1;;1;;;;;;;Control de Nitratos en red
16/03/2017;Red AySAM. M Hoyos 3257;Gllen;1;;;;1;;1;;;;;;;Control de Nitratos en red
16/03/2017;Red AySAM M Hoyos 2643 Soderìa;Gllen;1;;;;1;;1;;;;;;;Control de Nitratos en red
16/03/2017;Red AySAM  Allayme 2431, corralón;Gllen;1;;;;1;;1;;;;;;;Control de Nitratos en red
16/03/2017;Red AySAM Moreno 3297 frente esc Bolivia;Gllen;1;;;;1;;1;;;;;;;Control de Nitratos en red
16/03/2017;Red AySAM  Sarmiento 2185, despensa;Gllen;1;;;;1;;1;;;;;;;Control de Nitratos en red
20/03/2017;Corralcoop Colonia Molina;Gllen;1;;1;;;1;;1;;;;;;factibilidad
21/03/2017;Oficio Fca Rosa Sanchez;Rivadavia;1;;1;;1;;;1;;;;;;oficio Judicial
11/04/2017;Fca. Manuelli - grifo entrada -Medrano;Rivadavia;1;;1;;1;;;1;;;;;;oficio Judicial
11/04/2017;Fca. Manuelli - baño BT -Medrano;Rivadavia;1;;1;;1;;;1;;;;;;oficio Judicial
17/04/2017;Red A.I y P Bº Urquiza, Reclamo 792/17 ;Tunuyan;1;;1;1;;;;1;;;;;1;
17/04/2017;Coop. Rodriguez Peña;Junin;1;;1;;;1;;1;;;;;;
25/04/2017;Reclamo Bº Paraguay D 5;Gllen;1;;1;1;;;1;;;;;;1;
25/04/2017;Reclamo Bº Paraguay D 7;Gllen;1;;;1;;;1;;;;;;1;
25/04/2017;Reclamo Bº Paraguay D 15;Gllen;1;;;1;;;1;;;;;;1;
26/04/2017;Recl. 1269/17-Aysam C. de Araujo ;Lavalle;1;;1;;1;;1;;;;;;1;
26/04/2017;Rec 1269/17-Aysam C. de Araujo.Urquiza a pte;Lavalle;1;;;1;;;1;;;;;;1;
26/04/2017;Rec 1269/17-Aysam C. de Araujo.Urquiza 800;Lavalle;1;;;1;;;1;;;;;;1;
26/04/2017;Rec1269/17-Aysam C. de Araujo.Pozo 5;Lavalle;1;;1;;1;;1;;;;;;1;
17/05/2017;Red A.I y P Bº Urquiza, Mno Hist 11;Tunuyan;1;;1;;1;;;1;;;;;1;
17/05/2017;Red A.I y P Bº Urquiza, Mno Hist 85;Tunuyan;1;;1;;1;;;1;;;;;1;
17/05/2017;Red A.I y P Bº Urquiza, Mno Hist 98;Tunuyan;1;;1;;1;;;1;;;;;1;
17/05/2017;Red A.I y P Bº Urquiza, Olazabal 88;Tunuyan;1;;1;;1;;;1;;;;;1;
17/05/2017;Red A.I y P Bº Urquiza, Derqui 356;Tunuyan;1;;1;;1;;;1;;;;;1;
17/05/2017;Red A.I y P Bº Urquiza, Esc. Zara Guiard Btq;Tunuyan;1;;1;;1;;;1;;;;;1;
17/05/2017;Red A.I y P Bº Urquiza, Esc. Zara Guiard Ent.;Tunuyan;1;;1;;1;;;1;;;;;1;
18/05/2017;Reclamo AySAM Costa de Araujo;Lavalle;1;;1;;1;;1;;;;;;1;
24/05/2017;U.V. Zona Oeste G. Andre-La Floresta;Lavalle;1;;1;;1;;;1;;;;;;
29/05/2017;Rio Atuel Pto1: la Boxeadora;San Rafael;1;;1;;1;;;1;;1;;;;
29/05/2017;Rio Atuel Pto2: Antes de las aguaditas;San Rafael;1;;1;;1;;;1;;1;;;;
29/05/2017;Rio Atuel Pto3:  Toma Canal Marginal;San Rafael;1;;1;;1;;;1;;1;;;;
29/05/2017;Rio Atuel Pto 4: Puente antes de la Guevarina.;San Rafael;1;;1;;1;;;1;;1;;;;
05/06/2017;Corralcoop Pozo Godoy -Factibilidad;Gllen;1;;1;;1;;;1;;;;;;
05/06/2017;Esc. Miguel Ramponi bebedero;Gllen;1;;1;;1;;1;;;;;;;
05/06/2017;Esc. Miguel Ramponi  Cocina Agua Fria;Gllen;1;;1;;1;;1;;;;;;;
05/06/2017;Esc. Miguel Ramponi Cocina Agua Caliente;Gllen;1;;1;;1;;1;;;;;;;
12/06/2017;AySAM Bº Paraguay E-12;Gllen;1;;1;1;;;1;;;;;;;
12/06/2017;AySAM Bº Paraguay C-5;Gllen;1;;1;1;;;1;;;;;;;
12/06/2017;AySAM Bº Paraguay Jardin d Infantes;Gllen;1;;1;1;;;1;;;;;;;
26/06/2017;Loteo Inti, U.V. 19 Noviembre, Algarrobal;;1;;1;;1;;;1;;;;;;Factibilidad para U.V. 19 Nov
28/06/2017;Serv. Munic. Cordón del Plata 2;Tupungato;1;;1;;;1;;1;;;;;;
28/06/2017;Serv. Munic. Campo Vidal;Tupungato;1;;1;;;1;;1;;;;;;
28/06/2017;Serv. Munic.Pozo Tiza;Tupungato;1;;1;;;1;;1;;;;;;
28/06/2017;Serv. Munic. Gualtayari;Tupungato;1;;1;;;1;;1;;;;;;
28/06/2017;Serv. Munic. San José;Tupungato;1;;1;;;1;;1;;;;;;
04/07/2017;Serv. Munic. Paso de las Carretas;San Carlos;1;;1;;;1;;1;;;;;;
04/07/2017;Serv. Munic. Piedras Blancas;San Carlos;1;;1;;;1;;1;;;;;;
04/07/2017;U. Vec. Tres Esquinas;San Carlos;1;;1;;;1;;1;;;;;;
04/07/2017;Coop. Acción El Cepillo;San Carlos;1;;1;;;1;;1;;;;;;
04/07/2017;Serv. Munic Los Indios;San Carlos;1;;1;;;1;;1;;;;;;
04/07/2017;Serv.  Capiz Esc. D Vega;San Carlos;1;;1;;;1;;1;;;;;;
10/07/2017;U. Vec. Villa Seca;Tunuyan;1;;1;;;1;;1;;;;;;
10/07/2017;U. Vec. Los Sauces;Tunuyan;1;;1;;;1;;1;;;;;;
11/07/2017;Serv. Munic Los Arboles;Tunuyan;1;;1;;;1;;1;;;;;;
11/07/2017;U. Vec. Barrio Sol y Nieve;Tunuyan;1;;1;;;1;;1;;;;;;
11/07/2017;Union Vecinal Aº Grande Planta;Tunuyan;1;;1;;;1;;1;;;;;;
11/07/2017;Union Vecinal Aº Grande Red;Tunuyan;1;;1;;;1;;1;;;;;;
11/07/2017;Serv. Munic, Manzano Historico;Tunuyan;1;;1;;;1;;1;;;;;;
11/07/2017;Coop. Vista Flores 1;Tunuyan;1;;1;;;1;;1;;;;;;
11/07/2017;Coop. Vista Flores 2;Tunuyan;1;;1;;;1;;1;;;;;;
;U.Vec. Montecaseros;San Martin;1;;;;1;;;;;;;;;
13/07/2017;Alto Tirasso;Gllen;1;;;;1;;;;;;;;;
01/08/2017;U. Vec. La Libertad;Tunuyan;1;;1;;;1;;1;;;;;;
01/08/2017;Serv Puente Blanco;Tunuyan;1;;1;;;1;;1;;;;;;
01/08/2017;U.Vec. La Primavera;Tunuyan;1;;1;;;1;;1;;;;;;
01/08/2017;Coop. La Union 1;Tunuyan;1;;1;;;1;;1;;;;;;
01/08/2017;Coop. La Union 2;Tunuyan;1;;1;;;1;;1;;;;;;
02/08/2017;U. Vec. Barrio Noroeste 2;Tunuyan;1;;1;;;1;;1;;;;;;
02/08/2017;U.Vec. Barrio Noroeste 1;Tunuyan;1;;1;;;1;;1;;;;;;
02/08/2017;U.Vec. Dalmau;Tunuyan;1;;1;;;1;;1;;;;;;
02/08/2017;Pozo Ejercito San Rafael;San Rafael;1;;;;;1;;;;;;;;
14/08/2017;Union Vecinal Belgrano;Tunuyan;1;;1;;;1;;;;;;;;
15/08/2017;Consorsio el Peral;Tunuyan;1;;1;;;1;;;;;;;;
15/08/2017;Serv. Municipal Los Arboles.;Tunuyan;1;;;;1;;;1;;;;;;
15/08/2017;Union Vecinal Las Carreras;Tupungato;1;;1;;;1;;1;;;;;;
23/08/2017;Reclamo AySAM C. Araujo, Sgrignieri;Lavalle;1;;1;;1;;;;;;;;1;
23/08/2017;U. V. Ntra. Sra. del Carmen- Esc. Moretti;Lavalle;1;;1;;;1;;1;;;;;;
23/08/2017;U.V. Ntra. Sra. Del Carmen, Esc. Venezuela;Lavalle;1;;1;;;1;;1;;;;;;
23/08/2017;Union Vecinal Villa Cavero;Lavalle;1;;1;;;1;;1;;;;;;
29/08/2017;Union Vecinal SAN JOSE Acueducto;Lavalle;1;;1;;1;;;1;;;;;;
29/08/2017;Pozo U.V. San Jose ;Lavalle;1;;1;;1;;;1;;;;;;
29/08/2017;Asuncion Acueducto;Lavalle;1;;1;;1;;;1;;;;;;
29/08/2017;Pozo U. V.  Asuncion;Lavalle;1;;1;;1;;;1;;;;;;
29/08/2017;Asoc. Oeste G. André;Lavalle;1;;1;;;1;;1;;;;;;
29/08/2017;Serv. Munic, San Pedro, Shameauta;Lavalle;1;;1;;;1;;1;;;;;;
05/09/2017;Finca Brondstein. Municipalidad Lavalle;Lavalle;1;;1;;;1;;1;;;;;;
05/09/2017;Finca Cherry. Municipalidad Lavalle;Lavalle;1;;1;;;1;;1;;;;;;
12/09/2017;Esc. Fray Cayetano Rodriguez- Cocina;Lujan;1;;;;1;;;;1;;;;;
12/09/2017;Esc. Fray Cayetano Rodriguez- Pozo;Lujan;1;;;;1;;;;1;;;;;
14/09/2017;AySAM PTLC San Carlos Entrada;San Carlos;;1;;;;1;1;;;;;1;;
14/09/2017;AySAM PTLC San Carlos Salida;San Carlos;;1;;;;1;1;;;;;1;;
14/09/2017;AySAM PTLC Tunuyan Entrada;Tunuyan;;1;;;;1;1;;;;;1;;
14/09/2017;AySAM PTLC Tunuyan Salida;Tunuyan;;1;;;;1;1;;;;;1;;
21/09/2017;Cooperativa Bayo Pozo Nuevo;San Martin;1;;1;;;1;;1;;;;;;
21/09/2017;Reclamo AySAM , Familia Necochea;San Martin;1;;1;;1;;1;;;;;;1;
26/09/2017;CORRALCOOP Pozo Arena;Gllen;1;;1;;1;;;1;;;;;;
26/09/2017;CORRALCOOP Pozo Sanchez;Gllen;1;;1;;;1;;1;;;;;;
26/09/2017;CORRALCOOP Pozo 1 Colonia Segovia;Gllen;1;;1;;1;;;1;;;;;;
26/09/2017;CORRALCOOP Pozo 2 Colonia Segovia;Gllen;1;;1;;1;;;1;;;;;;
26/09/2017;CORRALCOOP Pozo Pelayes;Gllen;1;;1;;;1;;1;;;;;;
27/09/2017;Asoc. El Borbollón - Las Colectivas;Las Heras;1;;1;;;1;;1;;;;;;
27/09/2017;Esc. Martinez de Rosas- El Pastal;Las Heras;1;;1;;1;;;1;;;;;;
27/09/2017;Asoc. A P El Borbollón - Santo Tomas de Aquino;Las Heras;1;;1;;;1;;1;;;;;;
27/09/2017;Escuela Calendaria - La Polvosa;Las Heras;1;;1;;1;;;1;;;;;;
02/10/2017;Uion Vecinal Villa Adela;San Martin;1;;1;;1;;;1;;;;;;
02/10/2017;AySAM PTLC San Martin Entrada;San Martin;;1;1;;1;;1;;;;;1;;
02/10/2017;AySAM PTLC San Martin Salida;San Martin;;1;1;;1;;1;;;;;1;;
02/10/2017;AySAM PTLC Palmira Entrada;San Martin;;1;1;;1;;1;;;;;1;;
02/10/2017;AySAM PTLC Palmira Salida;San Martin;;1;1;;1;;1;;;;;1;;
03/10/2017;Pozo Granja Penal-Ruta 142;Lavalle;1;;1;;;1;;1;;;;;;
03/10/2017;U.V. Asoc. V. Oeste G André, La Floresta;Lavalle;1;;1;;1;;;1;;;;;;
03/10/2017;Serv. Munic, San Pedro, Shameauta;Lavalle;1;;1;;1;;;1;;;;;;
09/10/2017;U. Vec. Km 8, ISCAMEN ;Gllen;1;;1;;;1;;1;;;;;;
09/10/2017;U. Vec.                                                                                                                                                                                                                                                                                                                                                                                                                                                                                                                                                                                                                                                                                                                                                                                                                                                                                                                                                                                                                                                                                         Km 8 Pozo 2 Arena;Gllen;1;;1;;;1;;1;;;;;;
09/10/2017;U. Vec. Km 8, Pozo 1,  B de los Andes;Gllen;1;;1;;;1;;1;;;;;;
09/10/2017;Coop. R.de la Cruz, Pozo 3,  S. Bolivar;Gllen;1;;1;;;1;;1;;;;;;
10/10/2017;Union Vecinal El Ñango;San Martin;1;;1;;1;;;1;;;;;;
10/10/2017;"Fca Guerrero ""El Ñango"" ";San Martin;1;;1;;1;;;1;;;;;;factibilidad para U.V. El Ñango
10/10/2017;"Fca Sotano ""El Ñango"" ";San Martin;1;;1;;1;;;1;;;;;;factibilidad para U.V. El Ñango
10/10/2017;"Esc. Hudson ""El Ñango""";San Martin;1;;1;;1;;;1;1;;;;;
24/10/2017;AySAM PTLC La Paz Salida;La Paz;;1;1;;1;;1;;;;;1;;
24/10/2017;AySAM PTLC La Paz Entrada;La Paz;;1;1;;1;;1;;;;;1;;
24/10/2017;AySAM La Paz, Barrio Reactivacion M15 C2;La Paz;1;;1;;1;;1;;;;;;;
24/10/2017;AySAM La Paz, Crucero Gral Belgrano ;La Paz;1;;1;;1;;1;;;;;;;
24/10/2017;Serv. Munic.  Barrio La Menta ;La Paz;1;;1;;1;;;1;;;;;;
24/10/2017;Esc. Martin Gil 4237 Santa Rosa;Snta Rosa;1;;;;;1;;;1;;;;;
